{
  "Finland": 99.83145037907684,
  "Canada": 99.98294933249324,
  "South Korea": 99.99997734310269,
  "United Kingdom": 99.96600100207573,
  "Switzerland": 99.4507556987827,
  "Italy": 99.97247644697435,
  "Brazil": 99.87501375680968,
  "France": 99.96715822010432,
  "Denmark": 99.99090273851098,
  "Norway": 98.6328263104821,
  "Netherlands": 99.98802874152416,
  "Germany": 99.98719979519672,
  "Russia": 99.96823531280276,
  "Mexico": 99.8526434879305,
  "Czechia": 99.99307027494437,
  "Australia": 99.96028498132747,
  "Austria": 99.75982538222697,
  "Spain": 99.97370975537638,
  "United States": 99.92868923368555,
  "Poland": 99.98783075546466
}