{
  "India": 87.15706305720429,
  "Portugal": 93.66769403194172,
  "Ireland": 89.23636363636364,
  "Uzbekistan": 75.44522396114409,
  "Slovakia": 96.59579653630004,
  "Japan": 43.60539321529677,
  "Faroe Islands": 74.4716726618705,
  "Slovenia": 85.43819929783115,
  "Hungary": 41.81056373793804,
  "Venezuela": 70.21516792774873,
  "Bermuda": 87.3891558925066,
  "Argentina": 89.36929287816506,
  "Colombia": 88.15758433592829,
  "Cyprus": 88.1322531202102,
  "Belarus": 99.84921844896044,
  "Bulgaria": 71.05799162215134,
  "Estonia": 74.21463881358635,
  "Algeria": 91.02661596958175,
  "Philippines": 29.350961073149956,
  "Réunion": 83.0271097901468,
  "Malaysia": 94.35176021490174,
  "New Caledonia": 99.48962232051718,
  "Lithuania": 84.5522456884626,
  "Bosnia": 95.76649578303291,
  "Bangladesh": 80.06204173716864,
  "Sweden": 85.5315719081319,
  "New Zealand": 99.24551035630271,
  "Serbia": 90.71481049310688,
  "Latvia": 69.06207827260459,
  "Romania": 92.17842017137792,
  "Paraguay": 73.46874507951504,
  "Belgium": 96.9960532411532,
  "Kazakhstan": 99.30441381054762,
  "South Africa": 98.99573661771672,
  "Indonesia": 63.96981660086952,
  "Moldova": 82.70035958819763,
  "Iceland": 88.18134550391403,
  "Singapore": 95.13084513084513,
  "Croatia": 83.55907968282854,
  "Greece": 66.72907384586216,
  "Ukraine": 94.92605076700832
}